{
  "recipes": [
    {
      "id": 1,
      "name": "كبسة الدجاج السعودية",
      "protein": "دجاج",
      "ingredients": [
        "دجاجة مقطعة إلى 4 أو 8 قطع",
        "2 كوب أرز بسمتي",
        "2 حبة بصل مفروم",
        "2 حبة طماطم مفرومة",
        "3 ملاعق كبيرة زيت أو سمن",
        "4 أكواب ماء ساخن",
        "2 حبة لومي (ليمون مجفف)",
        "1 ملعقة صغيرة بهارات كبسة",
        "1 ملعقة صغيرة كركم",
        "1 ملعقة صغيرة قرفة مطحونة",
        "1 ملعقة صغيرة كمون",
        "ملح حسب الرغبة",
        "فلفل أسود حسب الرغبة",
        "2 حبة جزر مبشور",
        "3 فصوص ثوم مهروس",
        "حفنة زبيب (اختياري)"
      ],
      "preparation": "1. سخني الزيت أو السمن في قدر كبير وأضيفي البصل المفروم، وقلبيه حتى يذبل.\n2. أضيفي قطع الدجاج وقلبيها حتى تتحمر قليلاً.\n3. أضيفي الثوم المهروس والطماطم المفرومة والجزر المبشور وقلبي لمدة 5 دقائق.\n4. أضيفي التوابل (بهارات الكبسة، الكركم، القرفة، الكمون، اللومي، الملح والفلفل).\n5. اسكبي الماء الساخن واتركيه يغلي لمدة 10 دقائق.\n6. اغسلي الأرز جيدًا وأضيفيه إلى القدر، خففي النار وغطيه واتركيه يطهى لمدة 25-30 دقيقة حتى ينضج الأرز والدجاج.\n7. قدمي الكبسة مزينة بالزبيب المحمر.",
      "prepTime": "15 دقيقة",
      "cookTime": "40 دقيقة",
      "image": "kabsa.jpg"
    },
    {
      "id": 2,
      "name": "المقلوبة بالدجاج",
      "protein": "دجاج",
      "ingredients": [
        "1 دجاجة كاملة مقطعة",
        "2 كوب أرز",
        "2 حبة باذنجان مقطع شرائح",
        "2 بطاطس مقطعة شرائح",
        "1 بصلة مفرومة",
        "2 حبة طماطم شرائح",
        "4 أكواب مرق دجاج",
        "1 ملعقة صغيرة بهارات مشكلة",
        "ملح وفلفل حسب الرغبة"
      ],
      "preparation": "1. اقلي شرائح الباذنجان والبطاطس حتى تصبح ذهبية.\n2. في قدر، اقلي البصل حتى يذبل، ثم أضيفي الدجاج وبهريه.\n3. رتبي الباذنجان والبطاطس والطماطم فوق الدجاج في القدر.\n4. أضيفي الأرز ثم صبي المرق واتركيه ينضج على نار هادئة لمدة 40 دقيقة.\n5. اقلب القدر لتقديم المقلوبة.",
      "prepTime": "20 دقيقة",
      "cookTime": "40 دقيقة",
      "image": "maqluba.jpg"
    },
    {
      "id": 3,
      "name": "شاورما الدجاج",
      "protein": "دجاج",
      "ingredients": [
        "500 غرام دجاج شرائح",
        "1/4 كوب لبن زبادي",
        "2 ملعقة كبيرة خل",
        "1 ملعقة صغيرة بهارات شاورما",
        "خبز شاورما للتقديم"
      ],
      "preparation": "1. انقعي الدجاج باللبن والخل والبهارات لمدة ساعة.\n2. اقلي الدجاج حتى ينضج وقدميه مع الخبز والصلصات.",
      "prepTime": "1 ساعة",
      "cookTime": "20 دقيقة",
      "image": "shawarma.jpg"
    },
    {
      "id": 4,
      "name": "دجاج محشي بالأرز",
      "protein": "دجاج",
      "ingredients": [
        "دجاجة كاملة",
        "1 كوب أرز",
        "1/4 كوب لوز مقشر",
        "1/4 كوب زبيب",
        "1 بصلة مفرومة",
        "1 ملعقة صغيرة بهارات مشكلة",
        "ملح وفلفل حسب الرغبة",
        "2 ملعقة كبيرة زبدة"
      ],
      "preparation": "1. اغسلي الأرز وانقعيه لمدة 30 دقيقة.\n2. اقلي البصل في الزبدة حتى يذبل، ثم أضيفي اللوز والزبيب وقلبي.\n3. أضيفي الأرز والبهارات والملح وكوب ماء، واطهيه حتى ينضج نصف نضج.\n4. احشي الدجاج بخليط الأرز واغلقيه.\n5. ادهني الدجاج بالزبدة والبهارات، واشويه في الفرن على 180 مئوية لمدة ساعة ونصف.\n6. قدميه ساخنًا مع سلطة.",
      "prepTime": "30 دقيقة",
      "cookTime": "1.5 ساعة",
      "image": "stuffed_chicken.jpg"
    },
    {
      "id": 5,
      "name": "دجاج بالكاري الهندي",
      "protein": "دجاج",
      "ingredients": [
        "500 غرام صدور دجاج مقطعة مكعبات",
        "1 كوب حليب جوز الهند",
        "2 ملعقة كبيرة معجون طماطم",
        "1 بصلة مفرومة",
        "2 فص ثوم مهروس",
        "1 ملعقة صغيرة زنجبيل مبشور",
        "1 ملعقة صغيرة كركم",
        "1 ملعقة صغيرة كاري",
        "1 ملعقة صغيرة كمون",
        "زيت نباتي",
        "ملح وفلفل حسب الرغبة"
      ],
      "preparation": "1. اقلي البصل والثوم والزنجبيل في الزيت حتى يذبل.\n2. أضيفي التوابل (الكركم، الكاري، الكمون) وقلبي لمدة دقيقة.\n3. أضيفي الدجاج وقلبيه حتى يتحمر قليلاً.\n4. أضيفي معجون الطماطم وحليب جوز الهند والملح والفلفل.\n5. اتركي الخليط ينضج على نار هادئة لمدة 20 دقيقة.\n6. قدميه مع أرز بسمتي.",
      "prepTime": "15 دقيقة",
      "cookTime": "25 دقيقة",
      "image": "chicken_curry.jpg"
    },
    {
      "id": 6,
      "name": "المشاوي المشكلة (العربية)",
      "protein": "لحم",
      "ingredients": [
        "500 غرام لحم غنم مفروم",
        "500 غرام لحم دجاج مقطع مكعبات",
        "500 غرام لحم غنم مقطع مكعبات",
        "2 بصلة مفرومة",
        "3 فصوص ثوم مهروس",
        "2 ملعقة كبيرة بقدونس مفروم",
        "1 ملعقة صغيرة بابريكا",
        "1 ملعقة صغيرة كمون",
        "ملح وفلفل حسب الرغبة"
      ],
      "preparation": "1. تبلي اللحم المفروم بالبصل والبقدونس والتوابل وشكليه على هيئة كرات أو أصابع.\n2. تبلي قطع اللحم والدجاج بالثوم والتوابل والبصل.\n3. اشوي المشاوي على الفحم أو في الفرن حتى تنضج.\n4. قدميها مع خبز عربي وسلطة.",
      "prepTime": "20 دقيقة",
      "cookTime": "30 دقيقة",
      "image": "mixed_grill.jpg"
    },
    {
      "id": 7,
      "name": "المندي باللحم (اليمني)",
      "protein": "لحم",
      "ingredients": [
        "1 كغ لحم غنم",
        "2 كوب أرز بسمتي",
        "1 بصلة مفرومة",
        "2 ملعقة صغيرة بهارات مندي",
        "3 أكواب ماء",
        "زعفران منقوع بالقليل من الماء",
        "ملح حسب الرغبة"
      ],
      "preparation": "1. تبلي اللحم ببهارات المندي وضعيه في وعاء مغطى فوق قدر الأرز.\n2. اطهي الأرز بالماء والبصل والملح حتى ينضج نصف نضج.\n3. ضعي اللحم فوق الأرز في قدر محكم الإغلاق، واطهيه على نار هادئة حتى ينضج.\n4. قدميه مزينًا بالمكسرات المحمصة.",
      "prepTime": "30 دقيقة",
      "cookTime": "1 ساعة",
      "image": "mandi.jpg"
    },
    {
      "id": 8,
      "name": "الكباب الحلبي (السوري)",
      "protein": "لحم",
      "ingredients": [
        "500 غرام لحم غنم مفروم",
        "1/2 كوب دهن غنم مفروم",
        "1 بصلة مفرومة ناعم",
        "2 ملعقة كبيرة بقدونس مفروم",
        "1 ملعقة صغيرة فلفل أسود",
        "1/2 ملعقة صغيرة قرفة",
        "ملح حسب الرغبة"
      ],
      "preparation": "1. اخلطي اللحم مع الدهن والبصل والبقدونس والتوابل جيدًا.\n2. شكلي الخليط على أسياخ معدنية.\n3. اشوي الكباب على الفحم حتى يصبح بني اللون.\n4. قدميه مع خبز عربي وصلصة طحينية.",
      "prepTime": "20 دقيقة",
      "cookTime": "15 دقيقة",
      "image": "kabab.jpg"
    },
    {
      "id": 9,
      "name": "الصيادية",
      "protein": "سمك",
      "ingredients": [
        "1 كغ سمك (هامور أو أي نوع بحري)",
        "2 كوب أرز طويل الحبة",
        "2 بصلة مقطعة شرائح",
        "3 فصوص ثوم مهروس",
        "1 ملعقة صغيرة كركم",
        "1 ملعقة صغيرة بهارات صيادية",
        "4 أكواب مرق سمك",
        "زيت نباتي للقلي",
        "ملح وفلفل أسود حسب الذوق"
      ],
      "preparation": "1. نظفي السمك جيدًا، تبليه بالملح والفلفل الأسود، ثم اقليه في الزيت الساخن حتى يصبح ذهبي اللون. أخرجيه وضعيه جانبًا.\n2. في نفس القدر، سخني الزيت وأضيفي البصل، وقلبي حتى يصبح بنيًا داكنًا (لكن غير محروق).\n3. أضيفي الثوم المهروس، الكركم، وبهارات الصيادية وقلبي جيدًا.\n4. اغسلي الأرز وأضيفيه إلى القدر، وقلبيه مع التوابل لمدة دقيقتين.\n5. صبي مرق السمك الساخن فوق الأرز واتركيه يغلي.\n6. خففي النار وغطي القدر، واتركي الأرز ينضج لمدة 20 دقيقة.\n7. اسكبي الأرز في طبق التقديم، وضعي السمك المقلي فوقه. يمكن تزيينه بالبقدونس المفروم.",
      "prepTime": "15 دقيقة",
      "cookTime": "40 دقيقة",
      "image": "sayadiya.jpg"
    },
    {
      "id": 10,
      "name": "سمك مشوي بالليمون والثوم",
      "protein": "سمك",
      "ingredients": [
        "1 كغ سمك (بوري أو دنيس)",
        "4 فصوص ثوم مهروس",
        "عصير 2 ليمونة",
        "1/4 كوب زيت زيتون",
        "1 ملعقة صغيرة كمون",
        "1 ملعقة صغيرة كزبرة جافة",
        "ملح وفلفل أسود حسب الذوق"
      ],
      "preparation": "1. اخلطي الثوم المهروس، عصير الليمون، زيت الزيتون، الكمون، الكزبرة، الملح، والفلفل.\n2. قطعي السمك من الجانبين وضعي التتبيلة داخل وخارج السمك. اتركيه يتشرب النكهات لمدة 30 دقيقة.\n3. سخني الفرن على حرارة 200 درجة مئوية.\n4. ضعي السمك على صينية مغطاة بورق الزبدة واشويه لمدة 20-25 دقيقة، مع تقليبه في منتصف الوقت.\n5. قدمي السمك ساخنًا مع سلطة وخبز.",
      "prepTime": "30 دقيقة",
      "cookTime": "25 دقيقة",
      "image": "grilled_fish.jpg"
    },
    {
      "id": 11,
      "name": "سمك فيليه بصوص الكريمة",
      "protein": "سمك",
      "ingredients": [
        "500 غرام فيليه سمك",
        "1 كوب كريمة طهي",
        "1 ملعقة صغيرة زبدة",
        "2 فص ثوم مهروس",
        "عصير 1 ليمونة",
        "ملح وفلفل أبيض حسب الذوق"
      ],
      "preparation": "1. سخني الزبدة في مقلاة، واقلي فيليه السمك لمدة 3-4 دقائق لكل جانب حتى ينضج.\n2. في نفس المقلاة، أضيفي الثوم المهروس وقلبيه حتى يذبل.\n3. أضيفي الكريمة وعصير الليمون والملح والفلفل الأبيض. اتركي الخليط يغلي لمدة 3 دقائق.\n4. ضعي السمك في طبق التقديم واسكبي الصوص فوقه.",
      "prepTime": "10 دقائق",
      "cookTime": "15 دقيقة",
      "image": "creamy_fish.jpg"
    },
    {
      "id": 12,
      "name": "الكسكسي الجزائري بالخضروات",
      "protein": "نباتي",
      "ingredients": [
        "500 غرام كسكسي",
        "2 جزرات مقطعة",
        "2 كوسا مقطعة",
        "1 بطاطس مقطعة",
        "1 بصلة مفرومة",
        "3 طماطم مفرومة",
        "1 ملعقة صغيرة كركم",
        "1 ملعقة صغيرة قرفة",
        "1 ملعقة صغيرة كزبرة يابسة",
        "زيت زيتون",
        "ملح وفلفل حسب الذوق"
      ],
      "preparation": "1. سخني زيت الزيتون في قدر عميق وأضيفي البصل والطماطم وقلبي حتى تذبل.\n2. أضيفي الخضروات، الكركم، القرفة، الكزبرة، والملح، وقلبي جيدًا.\n3. أضيفي كوبين من الماء واتركي المزيج ينضج على نار متوسطة لمدة 20 دقيقة.\n4. ضعي الكسكسي في وعاء كبير وأضيفي قليلًا من الماء وزيت الزيتون، ثم افركيه حتى يتشرب.\n5. ضعي الكسكسي في كسكاس فوق القدر الذي يحتوي الخضروات، واتركيه يطهى بالبخار لمدة 15 دقيقة.\n6. قدمي الكسكسي في طبق كبير مع الخضروات على الوجه.",
      "prepTime": "15 دقيقة",
      "cookTime": "35 دقيقة",
      "image": "couscous.jpg"
    },
    {
      "id": 13,
      "name": "شوربة الحريرة ",
      "protein": "نباتي",
      "ingredients": [
        "1/2 كوب عدس",
        "1/2 كوب حمص منقوع",
        "3 طماطم مفرومة",
        "1 بصلة مفرومة",
        "2 ملعقة كبيرة كزبرة وبقدونس مفرومين",
        "2 ملعقة كبيرة زيت زيتون",
        "1 ملعقة صغيرة زنجبيل",
        "1 ملعقة صغيرة كركم",
        "1 ملعقة صغيرة قرفة",
        "2 ملعقة كبيرة دقيق مذاب في نصف كوب ماء"
      ],
      "preparation": "1. سخني زيت الزيتون في قدر وأضيفي البصل والكزبرة والبقدونس والبهارات.\n2. أضيفي الحمص والعدس والطماطم مع 4 أكواب ماء واتركي الخليط يغلي.\n3. بعد 30 دقيقة من الطهي، أضيفي خليط الدقيق مع التحريك المستمر لتكثيف القوام.\n4. قدمي الحريرة ساخنة مع شرائح ليمون.",
      "prepTime": "15 دقيقة",
      "cookTime": "45 دقيقة",
      "image": "harira.jpg"
    },
    {
      "id": 14,
      "name": "طاجين الفاصوليا الخضراء",
      "protein": "نباتي",
      "ingredients": [
        "500 غرام فاصوليا خضراء مقطعة",
        "2 حبات بطاطس مقطعة",
        "1 بصلة مفرومة",
        "2 طماطم مفرومة",
        "2 فصوص ثوم مفرومة",
        "2 ملعقة زيت زيتون",
        "1 ملعقة صغيرة كركم",
        "1 ملعقة صغيرة فلفل أحمر",
        "ملح وفلفل حسب الذوق"
      ],
      "preparation": "1. سخني زيت الزيتون في قدر وأضيفي البصل والثوم وقلبي حتى يذبل.\n2. أضيفي الطماطم، البطاطس، الفاصوليا الخضراء، والتوابل، وقلبي جيدًا.\n3. أضيفي كوبين من الماء واتركي الطاجين يطهى على نار متوسطة حتى تنضج المكونات.\n4. قدمي مع خبز ساخن.",
      "prepTime": "15 دقيقة",
      "cookTime": "35 دقيقة",
      "image": "green_bean_tagine.jpg"
    },
    {
      "id": 15,
      "name": "برياني الدجاج",
      "protein": "دجاج",
      "ingredients": [
        "1 دجاجة مقطعة إلى 8 قطع",
        "2 كوب أرز بسمتي",
        "2 بصلة مقطعة شرائح",
        "2 حبة طماطم مفرومة",
        "1/2 كوب زبادي",
        "3 ملاعق كبيرة زيت نباتي",
        "1 ملعقة صغيرة بهارات برياني",
        "1 ملعقة صغيرة كركم",
        "1 ملعقة صغيرة زعفران منقوع",
        "4 أكواب ماء",
        "ملح حسب الرغبة"
      ],
      "preparation": "1. انقعي الأرز لمدة 30 دقيقة.\n2. اقلي البصل في الزيت حتى يصبح ذهبيًا، ثم أضيفي الدجاج وقلبيه.\n3. أضيفي الطماطم، الزبادي، البهارات، الكركم، والملح، وقلبي لمدة 5 دقائق.\n4. أضيفي الماء واتركي الدجاج ينضج لمدة 20 دقيقة.\n5. أضيفي الأرز المصفى وصبي الزعفران المنقوع، ثم غطي القدر واطهيه على نار هادئة لمدة 25 دقيقة.\n6. قدميه مزينًا بالمكسرات المحمصة.",
      "prepTime": "20 دقيقة",
      "cookTime": "45 دقيقة",
      "image": "chicken_biryani.jpg"
    },
    {
      "id": 16,
      "name": "دجاج مشوي بالفرن",
      "protein": "دجاج",
      "ingredients": [
        "1 دجاجة كاملة",
        "2 ملعقة كبيرة زيت زيتون",
        "2 فص ثوم مهروس",
        "عصير 1 ليمونة",
        "1 ملعقة صغيرة أوريجانو",
        "1 ملعقة صغيرة بابريكا",
        "ملح وفلفل حسب الرغبة"
      ],
      "preparation": "1. اخلطي زيت الزيتون، الثوم، عصير الليمون، الأوريجانو، البابريكا، الملح، والفلفل.\n2. ادهني الدجاجة بالتتبيلة واتركيها في الثلاجة لمدة ساعتين.\n3. سخني الفرن على 200 درجة مئوية.\n4. ضعي الدجاجة في صينية واشويها لمدة ساعة ونصف مع التقليب في منتصف الوقت.\n5. قدميها مع بطاطس مشوية.",
      "prepTime": "2 ساعة",
      "cookTime": "1.5 ساعة",
      "image": "roasted_chicken.jpg"
    },
    {
      "id": 17,
      "name": "دجاج بالزبدة (الطريقة الهندية)",
      "protein": "دجاج",
      "ingredients": [
        "500 غرام صدور دجاج مقطعة",
        "1/2 كوب زبادي",
        "2 ملعقة كبيرة زبدة",
        "1 كوب كريمة طهي",
        "2 حبة طماطم مفرومة",
        "1 بصلة مفرومة",
        "2 فص ثوم مهروس",
        "1 ملعقة صغيرة زنجبيل مبشور",
        "1 ملعقة صغيرة غارام ماسالا",
        "1 ملعقة صغيرة كركم",
        "ملح حسب الرغبة"
      ],
      "preparation": "1. انقعي الدجاج بالزبادي والكركم لمدة ساعة.\n2. اقلي الدجاج في الزبدة حتى يتحمر، ثم أخرجيه.\n3. في نفس المقلاة، اقلي البصل، الثوم، والزنجبيل حتى يذبل.\n4. أضيفي الطماطم، الغارام ماسالا، والملح، واطهي لمدة 5 دقائق.\n5. أضيفي الكريمة والدجاج واتركيه على نار هادئة لمدة 10 دقائق.\n6. قدميه مع نان أو أرز.",
      "prepTime": "1 ساعة",
      "cookTime": "20 دقيقة",
      "image": "butter_chicken.jpg"
    },
    {
      "id": 18,
      "name": "كفتة الدجاج المشوية",
      "protein": "دجاج",
      "ingredients": [
        "500 غرام دجاج مفروم",
        "1 بصلة مفرومة ناعم",
        "2 ملعقة كبيرة بقدونس مفروم",
        "1 ملعقة صغيرة بهارات مشكلة",
        "1 ملعقة صغيرة فلفل أسود",
        "ملح حسب الرغبة"
      ],
      "preparation": "1. اخلطي الدجاج المفروم مع البصل، البقدونس، والتوابل جيدًا.\n2. شكلي الخليط على أسياخ معدنية أو خشبية.\n3. اشوي الكفتة على الفحم أو في الفرن على 200 درجة مئوية لمدة 15-20 دقيقة.\n4. قدميها مع خبز وسلطة طحينية.",
      "prepTime": "15 دقيقة",
      "cookTime": "20 دقيقة",
      "image": "chicken_kofta.jpg"
    },
    {
      "id": 19,
      "name": "دجاج تكا ماسالا",
      "protein": "دجاج",
      "ingredients": [
        "500 غرام صدور دجاج مقطعة",
        "1/2 كوب زبادي",
        "1 كوب كريمة طهي",
        "2 حبة طماطم مفرومة",
        "1 بصلة مفرومة",
        "2 فص ثوم مهروس",
        "1 ملعقة صغيرة زنجبيل مبشور",
        "1 ملعقة صغيرة تكا ماسالا",
        "1 ملعقة صغيرة كركم",
        "زيت نباتي",
        "ملح حسب الرغبة"
      ],
      "preparation": "1. انقعي الدجاج بالزبادي، الكركم، ونصف ملعقة تكا ماسالا لمدة ساعة.\n2. اقلي الدجاج في الزيت حتى يتحمر، ثم أخرجيه.\n3. اقلي البصل، الثوم، والزنجبيل في نفس المقلاة.\n4. أضيفي الطماطم، باقي التكا ماسالا، والملح، واطهي لمدة 5 دقائق.\n5. أضيفي الكريمة والدجاج، واتركيه ينضج لمدة 10 دقائق.\n6. قدميه مع أرز بسمتي.",
      "prepTime": "1 ساعة",
      "cookTime": "20 دقيقة",
      "image": "tikka_masala.jpg"
    },
    {
      "id": 20,
      "name": "دجاج بالصوص الحامض",
      "protein": "دجاج",
      "ingredients": [
        "500 غرام صدور دجاج مقطعة شرائح",
        "1/4 كوب عصير برتقال",
        "2 ملعقة كبيرة صويا صوص",
        "2 ملعقة كبيرة عسل",
        "1 ملعقة صغيرة زنجبيل مبشور",
        "1 فص ثوم مهروس",
        "زيت نباتي",
        "ملح وفلفل حسب الرغبة"
      ],
      "preparation": "1. اخلطي عصير البرتقال، الصويا صوص، العسل، الزنجبيل، والثوم لتحضير الصوص.\n2. اقلي الدجاج في الزيت حتى يتحمر.\n3. أضيفي الصوص واتركيه يغلي لمدة 5 دقائق حتى يصبح كثيفًا.\n4. قدميه مع أرز مقلي أو خضروات مشوية.",
      "prepTime": "10 دقائق",
      "cookTime": "15 دقيقة",
      "image": "sweet_sour_chicken.jpg"
    },
    {
      "id": 21,
      "name": "طاجين الدجاج بالزيتون",
      "protein": "دجاج",
      "ingredients": [
        "1 دجاجة مقطعة",
        "1 كوب زيتون أخضر",
        "2 بصلة مفرومة",
        "2 فص ثوم مهروس",
        "1 ملعقة صغيرة زنجبيل",
        "1 ملعقة صغيرة كركم",
        "1/2 ملعقة صغيرة زعفران",
        "2 ملعقة كبيرة زيت زيتون",
        "ملح وفلفل حسب الرغبة"
      ],
      "preparation": "1. سخني زيت الزيتون في قدر وأضيفي البصل والثوم وقلبي حتى يذبل.\n2. أضيفي الدجاج والتوابل (الزنجبيل، الكركم، الزعفران، الملح، والفلفل).\n3. أضيفي كوب ماء واتركي الدجاج ينضج لمدة 30 دقيقة.\n4. أضيفي الزيتون واطهيه لمدة 10 دقائق إضافية.\n5. قدميه مع خبز مغربي.",
      "prepTime": "15 دقيقة",
      "cookTime": "40 دقيقة",
      "image": "chicken_olive_tagine.jpg"
    },
    {
      "id": 22,
      "name": "دجاج بالفلفل الحار",
      "protein": "دجاج",
      "ingredients": [
        "500 غرام صدور دجاج مقطعة شرائح",
        "2 فلفل أخضر حار مقطع",
        "1 بصلة مقطعة شرائح",
        "2 ملعقة كبيرة صويا صوص",
        "1 ملعقة صغيرة زنجبيل مبشور",
        "1 فص ثوم مهروس",
        "زيت نباتي",
        "ملح حسب الرغبة"
      ],
      "preparation": "1. اقلي الدجاج في الزيت حتى يتحمر، ثم أخرجيه.\n2. في نفس المقلاة، اقلي البصل، الفلفل الحار، الثوم، والزنجبيل.\n3. أضيفي الصويا صوص والدجاج، وقلبي لمدة 5 دقائق.\n4. قدميه مع أرز مقلي.",
      "prepTime": "10 دقائق",
      "cookTime": "15 دقيقة",
      "image": "spicy_chicken.jpg"
    },
    {
      "id": 23,
      "name": "دجاج بالبشاميل",
      "protein": "دجاج",
      "ingredients": [
        "500 غرام صدور دجاج مقطعة",
        "3 أكواب حليب",
        "3 ملاعق كبيرة دقيق",
        "2 ملعقة كبيرة زبدة",
        "1 بصلة مفرومة",
        "1 كوب جبن موزاريلا",
        "ملح وفلفل أسود حسب الرغبة"
      ],
      "preparation": "1. اقلي الدجاج والبصل في الزبدة حتى ينضج الدجاج.\n2. في قدر آخر، ذوبي الزبدة، أضيفي الدقيق وقلبي، ثم أضيفي الحليب تدريجيًا مع التحريك لتحضير البشاميل.\n3. أضيفي الملح والفلفل إلى البشاميل.\n4. ضعي الدجاج في صينية، اسكبي البشاميل فوقه، ثم رشي الجبن.\n5. اخبزيه في الفرن على 180 درجة مئوية لمدة 20 دقيقة.\n6. قدميه ساخنًا.",
      "prepTime": "20 دقيقة",
      "cookTime": "30 دقيقة",
      "image": "chicken_bechamel.jpg"
    },
    {
      "id": 24,
      "name": "دجاج بالليمون والأعشاب",
      "protein": "دجاج",
      "ingredients": [
        "500 غرام صدور دجاج",
        "عصير 2 ليمونة",
        "2 ملعقة كبيرة زيت زيتون",
        "1 ملعقة صغيرة أوريجانو",
        "1 ملعقة صغيرة روزماري",
        "2 فص ثوم مهروس",
        "ملح وفلفل حسب الرغبة"
      ],
      "preparation": "1. اخلطي عصير الليمون، زيت الزيتون، الأوريجانو، الروزماري، الثوم، الملح، والفلفل.\n2. انقعي الدجاج في التتبيلة لمدة ساعة.\n3. اقلي الدجاج في مقلاة أو اشويه في الفرن على 200 درجة مئوية لمدة 25 دقيقة.\n4. قدميه مع خضروات مشوية.",
      "prepTime": "1 ساعة",
      "cookTime": "25 دقيقة",
      "image": "lemon_herb_chicken.jpg"
    },
    {
      "id": 25,
      "name": "مقلوبة اللحم",
      "protein": "لحم",
      "ingredients": [
        "500 غرام لحم غنم مقطع مكعبات",
        "2 كوب أرز",
        "2 حبة باذنجان مقطع شرائح",
        "2 بطاطس مقطعة شرائح",
        "1 بصلة مفرومة",
        "2 حبة طماطم شرائح",
        "4 أكواب مرق لحم",
        "1 ملعقة صغيرة بهارات مشكلة",
        "ملح وفلفل حسب الرغبة"
      ],
      "preparation": "1. اقلي شرائح الباذنجان والبطاطس حتى تصبح ذهبية.\n2. في قدر، اقلي البصل حتى يذبل، ثم أضيفي اللحم وبهريه.\n3. رتبي الباذنجان والبطاطس والطماطم فوق اللحم في القدر.\n4. أضيفي الأرز ثم صبي المرق واتركيه ينضج على نار هادئة لمدة 40 دقيقة.\n5. اقلب القدر لتقديم المقلوبة.",
      "prepTime": "20 دقيقة",
      "cookTime": "40 دقيقة",
      "image": "meat_maqluba.jpg"
    },
    {
      "id": 26,
      "name": "كفتة بالطحينية",
      "protein": "لحم",
      "ingredients": [
        "500 غرام لحم غنم مفروم",
        "1 بصلة مفرومة ناعم",
        "2 ملعقة كبيرة بقدونس مفروم",
        "1/2 كوب طحينية",
        "عصير 1 ليمونة",
        "1 ملعقة صغيرة بهارات مشكلة",
        "ملح وفلفل حسب الرغبة"
      ],
      "preparation": "1. اخلطي اللحم مع البصل، البقدونس، البهارات، الملح، والفلفل.\n2. شكلي الخليط إلى كرات وضعيها في صينية.\n3. اخلطي الطحينية مع عصير الليمون وقليل من الماء لتحضير الصوص.\n4. اسكبي الصوص فوق الكفتة واخبزيها في الفرن على 180 درجة مئوية لمدة 30 دقيقة.\n5. قدميها مع خبز عربي.",
      "prepTime": "15 دقيقة",
      "cookTime": "30 دقيقة",
      "image": "kofta_tahini.jpg"
    },
    {
      "id": 27,
      "name": "شيش طاووق",
      "protein": "دجاج",
      "ingredients": [
        "500 غرام صدور دجاج مقطعة مكعبات",
        "1/4 كوب زبادي",
        "2 ملعقة كبيرة زيت زيتون",
        "2 فص ثوم مهروس",
        "1 ملعقة صغيرة بهارات شيش طاووق",
        "عصير 1 ليمونة",
        "ملح وفلفل حسب الرغبة"
      ],
      "preparation": "1. اخلطي الزبادي، زيت الزيتون، الثوم، البهارات، عصير الليمون، الملح، والفلفل.\n2. انقعي الدجاج في التتبيلة لمدة ساعتين.\n3. ضعي الدجاج على أسياخ واشويه على الفحم أو في الفرن على 200 درجة مئوية لمدة 20 دقيقة.\n4. قدميه مع خبز وثومية.",
      "prepTime": "2 ساعة",
      "cookTime": "20 دقيقة",
      "image": "shish_taouk.jpg"
    },
    {
      "id": 28,
      "name": "مندي الدجاج",
      "protein": "دجاج",
      "ingredients": [
        "1 دجاجة كاملة",
        "2 كوب أرز بسمتي",
        "1 بصلة مفرومة",
        "2 ملعقة صغيرة بهارات مندي",
        "3 أكواب ماء",
        "زعفران منقوع بالقليل من الماء",
        "ملح حسب الرغبة"
      ],
      "preparation": "1. تبلي الدجاج ببهارات المندي وضعيه في وعاء مغطى فوق قدر الأرز.\n2. اطهي الأرز بالماء والبصل والملح حتى ينضج نصف نضج.\n3. ضعي الدجاج فوق الأرز في قدر محكم الإغلاق، واطهيه على نار هادئة حتى ينضج.\n4. قدميه مزينًا بالمكسرات المحمصة.",
      "prepTime": "30 دقيقة",
      "cookTime": "1 ساعة",
      "image": "chicken_mandi.jpg"
    },
    {
      "id": 29,
      "name": "كبسة اللحم",
      "protein": "لحم",
      "ingredients": [
        "1 كغ لحم غنم مقطع",
        "2 كوب أرز بسمتي",
        "2 حبة بصل مفروم",
        "2 حبة طماطم مفرومة",
        "3 ملاعق كبيرة زيت أو سمن",
        "4 أكواب ماء ساخن",
        "2 حبة لومي",
        "1 ملعقة صغيرة بهارات كبسة",
        "1 ملعقة صغيرة كركم",
        "ملح وفلفل حسب الرغبة"
      ],
      "preparation": "1. اقلي البصل في الزيت حتى يذبل، ثم أضيفي اللحم وقلبيه حتى يتحمر.\n2. أضيفي الطماطم، البهارات، اللومي، الملح، والفلفل، وقلبي لمدة 5 دقائق.\n3. أضيفي الماء واتركي اللحم ينضج لمدة ساعة.\n4. أضيفي الأرز واطهيه على نار هادئة لمدة 25 دقيقة.\n5. قدميه مزينًا بالمكسرات.",
      "prepTime": "20 دقيقة",
      "cookTime": "1.5 ساعة",
      "image": "meat_kabsa.jpg"
    },
    {
      "id": 30,
      "name": "شاورما اللحم",
      "protein": "لحم",
      "ingredients": [
        "500 غرام لحم بقري شرائح",
        "1/4 كوب زبادي",
        "2 ملعقة كبيرة خل",
        "1 ملعقة صغيرة بهارات شاورما",
        "خبز شاورما للتقديم"
      ],
      "preparation": "1. انقعي اللحم بالزبادي، الخل، والبهارات لمدة ساعة.\n2. اقلي اللحم حتى ينضج وقدميه مع الخبز والصلصات.\n3. قدميه مع مخلل وثومية.",
      "prepTime": "1 ساعة",
      "cookTime": "20 دقيقة",
      "image": "meat_shawarma.jpg"
    },
    {
      "id": 31,
      "name": "برياني اللحم",
      "protein": "لحم",
      "ingredients": [
        "1 كغ لحم غنم مقطع",
        "2 كوب أرز بسمتي",
        "2 بصلة مقطعة شرائح",
        "2 حبة طماطم مفرومة",
        "1/2 كوب زبادي",
        "3 ملاعق كبيرة زيت نباتي",
        "1 ملعقة صغيرة بهارات برياني",
        "1 ملعقة صغيرة زعفران منقوع",
        "4 أكواب ماء",
        "ملح حسب الرغبة"
      ],
      "preparation": "1. انقعي الأرز لمدة 30 دقيقة.\n2. اقلي البصل في الزيت حتى يصبح ذهبيًا، ثم أضيفي اللحم وقلبيه.\n3. أضيفي الطماطم، الزبادي، البهارات، والملح، وقلبي لمدة 5 دقائق.\n4. أضيفي الماء واتركي اللحم ينضج لمدة ساعة.\n5. أضيفي الأرز المصفى وصبي الزعفران، ثم اطهيه على نار هادئة لمدة 25 دقيقة.\n6. قدميه مزينًا بالمكسرات.",
      "prepTime": "20 دقيقة",
      "cookTime": "1.5 ساعة",
      "image": "meat_biryani.jpg"
    },
    {
      "id": 32,
      "name": "سمك بالطحينية",
      "protein": "سمك",
      "ingredients": [
        "1 كغ سمك فيليه",
        "1/2 كوب طحينية",
        "عصير 2 ليمونة",
        "2 فص ثوم مهروس",
        "2 ملعقة كبيرة زيت زيتون",
        "ملح وفلفل حسب الرغبة"
      ],
      "preparation": "1. تبلي السمك بالملح والفلفل وزيت الزيتون.\n2. اخبزي السمك في الفرن على 200 درجة مئوية لمدة 20 دقيقة.\n3. اخلطي الطحينية مع عصير الليمون، الثوم، وقليل من الماء لتحضير الصوص.\n4. اسكبي الصوص فوق السمك وقدميه ساخنًا.",
      "prepTime": "15 دقيقة",
      "cookTime": "20 دقيقة",
      "image": "fish_tahini.jpg"
    },
    {
      "id": 33,
      "name": "سمك مقلي بالبهارات",
      "protein": "سمك",
      "ingredients": [
        "1 كغ سمك فيليه",
        "1 كوب دقيق",
        "1 ملعقة صغيرة كمون",
        "1 ملعقة صغيرة كزبرة جافة",
        "1 ملعقة صغيرة فلفل أحمر",
        "زيت للقلي",
        "ملح حسب الرغبة"
      ],
      "preparation": "1. اخلطي الدقيق مع الكمون، الكزبرة، الفلفل الأحمر، والملح.\n2. اغمسي السمك في خليط الدقيق.\n3. اقلي السمك في زيت ساخن حتى يصبح ذهبيًا.\n4. قدميه مع سلطة وصوص الطحينية.",
      "prepTime": "10 دقائق",
      "cookTime": "15 دقيقة",
      "image": "fried_fish.jpg"
    },
    {
      "id": 34,
      "name": "سمك بالكاري",
      "protein": "سمك",
      "ingredients": [
        "500 غرام فيليه سمك",
        "1 كوب حليب جوز الهند",
        "2 ملعقة كبيرة معجون طماطم",
        "1 بصلة مفرومة",
        "2 فص ثوم مهروس",
        "1 ملعقة صغيرة زنجبيل مبشور",
        "1 ملعقة صغيرة كاري",
        "زيت نباتي",
        "ملح حسب الرغبة"
      ],
      "preparation": "1. اقلي البصل، الثوم، والزنجبيل في الزيت حتى يذبل.\n2. أضيفي معجون الطماطم والكاري وقلبي لمدة دقيقة.\n3. أضيفي حليب جوز الهند والملح، واتركي الخليط يغلي.\n4. أضيفي السمك واطهيه لمدة 10 دقائق.\n5. قدميه مع أرز بسمتي.",
      "prepTime": "15 دقيقة",
      "cookTime": "20 دقيقة",
      "image": "fish_curry.jpg"
    },
    {
      "id": 35,
      "name": "فول مدمس",
      "protein": "نباتي",
      "ingredients": [
        "2 كوب فول مدمس",
        "2 فص ثوم مهروس",
        "عصير 1 ليمونة",
        "1/4 كوب زيت زيتون",
        "1 ملعقة صغيرة كمون",
        "ملح حسب الرغبة",
        "بقدونس مفروم للتزيين"
      ],
      "preparation": "1. اطهي الفول في ماء مغلي حتى يصبح طريًا.\n2. اهرسي الفول قليلاً وأضيفي الثوم، عصير الليمون، زيت الزيتون، الكمون، والملح.\n3. قلبي المزيج وقدميه مزينًا بالبقدونس وزيت الزيتون.",
      "prepTime": "10 دقائق",
      "cookTime": "20 دقيقة",
      "image": "ful_medames.jpg"
    },
    {
      "id": 36,
      "name": "حمص بالطحينية",
      "protein": "نباتي",
      "ingredients": [
        "2 كوب حمص منقوع ومطبوخ",
        "1/2 كوب طحينية",
        "عصير 2 ليمونة",
        "2 فص ثوم مهروس",
        "1/4 كوب زيت زيتون",
        "ملح حسب الرغبة"
      ],
      "preparation": "1. اطحني الحمص في محضرة الطعام حتى يصبح ناعمًا.\n2. أضيفي الطحينية، عصير الليمون، الثوم، والملح، واخلطي جيدًا.\n3. أضيفي الماء تدريجيًا للحصول على القوام المطلوب.\n4. قدميه مزينًا بزيت الزيتون والبقدونس.",
      "prepTime": "15 دقيقة",
      "cookTime": "0 دقيقة",
      "image": "hummus.jpg"
    },
    {
      "id": 37,
      "name": "متبل الباذنجان",
      "protein": "نباتي",
      "ingredients": [
        "2 حبة باذنجان مشوي",
        "1/4 كوب طحينية",
        "عصير 1 ليمونة",
        "2 فص ثوم مهروس",
        "2 ملعقة كبيرة زيت زيتون",
        "ملح حسب الرغبة"
      ],
      "preparation": "1. اهرسي الباذنجان المشوي بعد تقشيره.\n2. أضيفي الطحينية، عصير الليمون، الثوم، والملح، واخلطي جيدًا.\n3. قدميه مزينًا بزيت الزيتون والبقدونس.",
      "prepTime": "15 دقيقة",
      "cookTime": "20 دقيقة",
      "image": "baba_ghanoush.jpg"
    },
    {
      "id": 38,
      "name": "عدس بالخضروات",
      "protein": "نباتي",
      "ingredients": [
        "1 كوب عدس أحمر",
        "2 جزرة مقطعة",
        "1 بطاطس مقطعة",
        "1 بصلة مفرومة",
        "2 فص ثوم مهروس",
        "1 ملعقة صغيرة كمون",
        "2 ملعقة كبيرة زيت زيتون",
        "ملح وفلفل حسب الرغبة"
      ],
      "preparation": "1. اقلي البصل والثوم في زيت الزيتون حتى يذبل.\n2. أضيفي الجزر، البطاطس، العدس، والكمون.\n3. أضيفي 4 أكواب ماء واتركي الخليط ينضج لمدة 30 دقيقة.\n4. قدميه ساخنًا مع خبز.",
      "prepTime": "15 دقيقة",
      "cookTime": "30 دقيقة",
      "image": "lentil_vegetable.jpg"
    },
    {
      "id": 39,
      "name": "مكرونة بالبشاميل النباتية",
      "protein": "نباتي",
      "ingredients": [
        "500 غرام مكرونة",
        "3 أكواب حليب نباتي",
        "3 ملاعق كبيرة دقيق",
        "2 ملعقة كبيرة زيت نباتي",
        "1 بصلة مفرومة",
        "1 كوب خضروات مشكلة (جزر، كوسا)",
        "ملح وفلفل حسب الرغبة"
      ],
      "preparation": "1. اسلقي المكرونة وصفيها.\n2. اقلي البصل والخضروات في الزيت.\n3. في قدر، سخني الزيت، أضيفي الدقيق، ثم الحليب النباتي تدريجيًا لتحضير البشاميل.\n4. اخلطي المكرونة مع الخضروات والبشاميل، وضعيها في صينية.\n5. اخبزيها على 180 درجة مئوية لمدة 20 دقيقة.\n6. قدميها ساخنة.",
      "prepTime": "20 دقيقة",
      "cookTime": "30 دقيقة",
      "image": "vegan_bechamel_pasta.jpg"
    },
    {
      "id": 40,
      "name": "شوربة الخضار",
      "protein": "نباتي",
      "ingredients": [
        "2 جزرة مقطعة",
        "2 كوسا مقطعة",
        "1 بطاطس مقطعة",
        "1 بصلة مفرومة",
        "2 فص ثوم مهروس",
        "2 ملعقة كبيرة زيت زيتون",
        "1 ملعقة صغيرة كمون",
        "ملح وفلفل حسب الرغبة"
      ],
      "preparation": "1. اقلي البصل والثوم في زيت الزيتون.\n2. أضيفي الخضروات والكمون والملح والفلفل.\n3. أضيفي 4 أكواب ماء واتركي الخليط ينضج لمدة 25 دقيقة.\n4. اخلطي الشوربة بالخلاط إذا أردتِ قوامًا ناعمًا.\n5. قدميها ساخنة.",
      "prepTime": "15 دقيقة",
      "cookTime": "25 دقيقة",
      "image": "vegetable_soup.jpg"
    },
    {
      "id": 41,
      "name": "فلافل",
      "protein": "نباتي",
      "ingredients": [
        "2 كوب حمص منقوع",
        "1 بصلة مفرومة",
        "2 فص ثوم مهروس",
        "1/4 كوب بقدونس مفروم",
        "1 ملعقة صغيرة كمون",
        "1 ملعقة صغيرة كزبرة جافة",
        "زيت للقلي",
        "ملح حسب الرغبة"
      ],
      "preparation": "1. اطحني الحمص مع البصل، الثوم، البقدونس، الكمون، الكزبرة، والملح.\n2. شكلي الخليط إلى كرات صغيرة.\n3. اقلي الفلافل في زيت ساخن حتى تصبح ذهبية.\n4. قدميها مع خبز البيتا والطحينية.",
      "prepTime": "20 دقيقة",
      "cookTime": "15 دقيقة",
      "image": "falafel.jpg"
    },
    {
      "id": 42,
      "name": "تبولة",
      "protein": "نباتي",
      "ingredients": [
        "1/2 كوب برغل ناعم",
        "2 كوب بقدونس مفروم",
        "1/2 كوب نعناع مفروم",
        "2 حبة طماطم مقطعة مكعبات",
        "1 خيارة مقطعة مكعبات",
        "عصير 2 ليمونة",
        "1/4 كوب زيت زيتون",
        "ملح حسب الرغبة"
      ],
      "preparation": "1. انقعي البرغل في ماء لمدة 15 دقيقة، ثم صفيه.\n2. اخلطي البرغل مع البقدونس، النعناع، الطماطم، والخيار.\n3. أضيفي عصير الليمون، زيت الزيتون، والملح، وقلبي جيدًا.\n4. قدميها باردة.",
      "prepTime": "20 دقيقة",
      "cookTime": "0 دقيقة",
      "image": "tabbouleh.jpg"
    },
    {
      "id": 43,
      "name": "فتوش",
      "protein": "نباتي",
      "ingredients": [
        "2 حبة خيار مقطعة",
        "2 حبة طماطم مقطعة",
        "1/2 كوب بقدونس مفروم",
        "1/4 كوب نعناع مفروم",
        "1 خبز عربي مقطع ومحمص",
        "عصير 1 ليمونة",
        "1/4 كوب زيت زيتون",
        "1 ملعقة صغيرة سماق",
        "ملح حسب الرغبة"
      ],
      "preparation": "1. اخلطي الخيار، الطماطم، البقدونس، والنعناع في وعاء.\n2. أضيفي الخبز المحمص.\n3. اخلطي عصير الليمون، زيت الزيتون، السماق، والملح لتحضير التتبيلة.\n4. اسكبي التتبيلة على السلطة وقلبي جيدًا.\n5. قدميها فورًا.",
      "prepTime": "15 دقيقة",
      "cookTime": "5 دقائق",
      "image": "fattoush.jpg"
    },
    {
      "id": 44,
      "name": "مقلوبة السمك",
      "protein": "سمك",
      "ingredients": [
        "1 كغ سمك فيليه",
        "2 كوب أرز",
        "2 حبة باذنجان مقطع شرائح",
        "1 بصلة مفرومة",
        "2 حبة طماطم شرائح",
        "4 أكواب مرق سمك",
        "1 ملعقة صغيرة بهارات صيادية",
        "ملح وفلفل حسب الرغبة"
      ],
      "preparation": "1. اقلي شرائح الباذنجان حتى تصبح ذهبية.\n2. اقلي البصل حتى يذبل، ثم أضيفي السمك وبهريه.\n3. رتبي الباذنجان والطماطم فوق السمك في القدر.\n4. أضيفي الأرز ثم صبي المرق واتركيه ينضج على نار هادئة لمدة 40 دقيقة.\n5. اقلب القدر لتقديم المقلوبة.",
      "prepTime": "20 دقيقة",
      "cookTime": "40 دقيقة",
      "image": "fish_maqluba.jpg"
    },
    {
      "id": 45,
      "name": "سمك بالفرن مع الخضروات",
      "protein": "سمك",
      "ingredients": [
        "1 كغ سمك فيليه",
        "2 بطاطس مقطعة شرائح",
        "2 جزرة مقطعة شرائح",
        "1 بصلة مقطعة شرائح",
        "2 حبة طماطم مقطعة شرائح",
        "2 ملعقة كبيرة زيت زيتون",
        "1 ملعقة صغيرة بهارات سمك",
        "عصير 1 ليمونة",
        "ملح وفلفل حسب الرغبة"
      ],
      "preparation": "1. تبلي السمك بالبهارات، عصير الليمون، الملح، والفلفل.\n2. رتبي البطاطس، الجزر، البصل، والطماطم في صينية.\n3. ضعي السمك فوق الخضروات وادهنيه بزيت الزيتون.\n4. اخبزيه في الفرن على 200 درجة مئوية لمدة 30 دقيقة.\n5. قدميه ساخنًا.",
      "prepTime": "15 دقيقة",
      "cookTime": "30 دقيقة",
      "image": "baked_fish_vegetables.jpg"
    },
    {
      "id": 46,
      "name": "شوربة السمك",
      "protein": "سمك",
      "ingredients": [
        "500 غرام سمك فيليه",
        "2 بطاطس مقطعة مكعبات",
        "2 جزرة مقطعة",
        "1 بصلة مفرومة",
        "2 فص ثوم مهروس",
        "1 ملعقة صغيرة كمون",
        "2 ملعقة كبيرة زيت زيتون",
        "4 أكواب مرق سمك",
        "ملح وفلفل حسب الرغبة"
      ],
      "preparation": "1. اقلي البصل والثوم في زيت الزيتون حتى يذبل.\n2. أضيفي البطاطس، الجزر، الكمون، والمرق.\n3. اتركي الخليط ينضج لمدة 20 دقيقة.\n4. أضيفي السمك واطهيه لمدة 10 دقائق.\n5. قدميها ساخنة مع الليمون.",
      "prepTime": "15 دقيقة",
      "cookTime": "30 دقيقة",
      "image": "fish_soup.jpg"
    },
    {
      "id": 47,
      "name": "موساكا نباتية",
      "protein": "نباتي",
      "ingredients": [
        "2 حبة باذنجان مقطع شرائح",
        "2 بطاطس مقطعة شرائح",
        "2 حبة طماطم مفرومة",
        "1 بصلة مفرومة",
        "2 فص ثوم مهروس",
        "1 كوب عدس مطبوخ",
        "2 ملعقة كبيرة زيت زيتون",
        "1 ملعقة صغيرة بهارات مشكلة",
        "ملح وفلفل حسب الرغبة"
      ],
      "preparation": "1. اقلي شرائح الباذنجان والبطاطس حتى تصبح ذهبية.\n2. اقلي البصل والثوم، ثم أضيفي الطماطم، العدس، البهارات، الملح، والفلفل.\n3. رتبي الباذنجان والبطاطس في صينية، ثم اسكبي خليط العدس والطماطم.\n4. اخبزيها في الفرن على 180 درجة مئوية لمدة 20 دقيقة.\n5. قدميها ساخنة.",
      "prepTime": "20 دقيقة",
      "cookTime": "30 دقيقة",
      "image": "vegan_moussaka.jpg"
    },
    {
      "id": 48,
      "name": "كاري الخضروات",
      "protein": "نباتي",
      "ingredients": [
        "2 كوسا مقطعة",
        "2 جزرة مقطعة",
        "1 بطاطس مقطعة",
        "1 كوب حليب جوز الهند",
        "1 بصلة مفرومة",
        "2 فص ثوم مهروس",
        "1 ملعقة صغيرة زنجبيل مبشور",
        "1 ملعقة صغيرة كاري",
        "2 ملعقة كبيرة زيت نباتي",
        "ملح حسب الرغبة"
      ],
      "preparation": "1. اقلي البصل، الثوم، والزنجبيل في الزيت.\n2. أضيفي الخضروات والكاري وقلبي لمدة 5 دقائق.\n3. أضيفي حليب جوز الهند والملح، واتركي الخليط ينضج لمدة 20 دقيقة.\n4. قدميه مع أرز بسمتي.",
      "prepTime": "15 دقيقة",
      "cookTime": "20 دقيقة",
      "image": "vegetable_curry.jpg"
    },
    {
      "id": 49,
      "name": "دجاج بالعسل والصويا",
      "protein": "دجاج",
      "ingredients": [
        "500 غرام صدور دجاج مقطعة شرائح",
        "3 ملاعق كبيرة عسل",
        "2 ملعقة كبيرة صويا صوص",
        "1 ملعقة صغيرة زنجبيل مبشور",
        "2 فص ثوم مهروس",
        "2 ملعقة كبيرة زيت نباتي",
        "ملح وفلفل حسب الرغبة"
      ],
      "preparation": "1. اخلطي العسل، الصويا صوص، الزنجبيل، والثوم لتحضير التتبيلة.\n2. انقعي الدجاج في التتبيلة لمدة 30 دقيقة.\n3. اقلي الدجاج في الزيت حتى يتحمر وينضج.\n4. قدميه مع أرز مقلي أو خضروات مشوية.",
      "prepTime": "30 دقيقة",
      "cookTime": "15 دقيقة",
      "image": "honey_soy_chicken.jpg"
    },
    {
      "id": 50,
      "name": "دجاج بالزعفران واللوز",
      "protein": "دجاج",
      "ingredients": [
        "1 دجاجة مقطعة",
        "1/2 ملعقة صغيرة زعفران منقوع",
        "1/2 كوب لوز مقشر ومحمص",
        "1 بصلة مفرومة",
        "2 فص ثوم مهروس",
        "1 ملعقة صغيرة قرفة",
        "2 ملعقة كبيرة زيت زيتون",
        "ملح وفلفل حسب الرغبة"
      ],
      "preparation": "1. اقلي البصل والثوم في زيت الزيتون حتى يذبل.\n2. أضيفي الدجاج، القرفة، الملح، والفلفل، وقلبي لمدة 5 دقائق.\n3. أضيفي كوبين من الماء والزعفران، واتركي الدجاج ينضج لمدة 40 دقيقة.\n4. أضيفي اللوز المحمص وقدميه مع خبز أو أرز.",
      "prepTime": "15 دقيقة",
      "cookTime": "40 دقيقة",
      "image": "saffron_almond_chicken.jpg"
    },
    {
      "id": 51,
      "name": "دجاج بالكاجو",
      "protein": "دجاج",
      "ingredients": [
        "500 غرام صدور دجاج مقطعة",
        "1/2 كوب كاجو محمص",
        "1 بصلة مقطعة شرائح",
        "2 ملعقة كبيرة صويا صوص",
        "1 ملعقة صغيرة زنجبيل مبشور",
        "1 فص ثوم مهروس",
        "2 ملعقة كبيرة زيت نباتي",
        "ملح حسب الرغبة"
      ],
      "preparation": "1. اقلي الدجاج في الزيت حتى يتحمر، ثم أخرجيه.\n2. في نفس المقلاة، اقلي البصل، الثوم، والزنجبيل.\n3. أضيفي الصويا صوص، الكاجو، والدجاج، وقلبي لمدة 5 دقائق.\n4. قدميه مع أرز أبيض.",
      "prepTime": "10 دقائق",
      "cookTime": "15 دقيقة",
      "image": "cashew_chicken.jpg"
    },
    {
      "id": 52,
      "name": "دجاج بالبرتقال",
      "protein": "دجاج",
      "ingredients": [
        "500 غرام صدور دجاج مقطعة",
        "1 كوب عصير برتقال طازج",
        "2 ملعقة كبيرة عسل",
        "1 ملعقة صغيرة زنجبيل مبشور",
        "2 فص ثوم مهروس",
        "2 ملعقة كبيرة زيت نباتي",
        "ملح وفلفل حسب الرغبة"
      ],
      "preparation": "1. اخلطي عصير البرتقال، العسل، الزنجبيل، والثوم لتحضير الصوص.\n2. اقلي الدجاج في الزيت حتى يتحمر.\n3. أضيفي الصوص واتركيه يغلي لمدة 10 دقائق حتى يصبح كثيفًا.\n4. قدميه مع أرز أو خضروات مشوية.",
      "prepTime": "15 دقيقة",
      "cookTime": "20 دقيقة",
      "image": "orange_chicken.jpg"
    },
    {
      "id": 53,
      "name": "دجاج بالريحان والليمون",
      "protein": "دجاج",
      "ingredients": [
        "500 غرام صدور دجاج مقطعة",
        "1/4 كوب أوراق ريحان طازجة",
        "عصير 2 ليمونة",
        "2 ملعقة كبيرة زيت زيتون",
        "2 فص ثوم مهروس",
        "ملح وفلفل حسب الرغبة"
      ],
      "preparation": "1. اخلطي عصير الليمون، زيت الزيتون، الثوم، الملح، والفلفل.\n2. انقعي الدجاج في التتبيلة لمدة ساعة.\n3. اقلي الدجاج في مقلاة حتى ينضج، ثم أضيفي أوراق الريحان وقلبي لمدة دقيقتين.\n4. قدميه مع سلطة خضراء.",
      "prepTime": "1 ساعة",
      "cookTime": "15 دقيقة",
      "image": "basil_lemon_chicken.jpg"
    },
    {
      "id": 54,
      "name": "لحم بالبرقوق",
      "protein": "لحم",
      "ingredients": [
        "500 غرام لحم غنم مقطع مكعبات",
        "1 كوب برقوق مجفف",
        "1 بصلة مفرومة",
        "1 ملعقة صغيرة قرفة",
        "1/2 ملعقة صغيرة زعفران منقوع",
        "2 ملعقة كبيرة زيت زيتون",
        "ملح وفلفل حسب الرغبة"
      ],
      "preparation": "1. اقلي البصل في زيت الزيتون حتى يذبل.\n2. أضيفي اللحم، القرفة، الزعفران، الملح، والفلفل، وقلبي لمدة 5 دقائق.\n3. أضيفي كوبين من الماء واتركي اللحم ينضج لمدة ساعة.\n4. أضيفي البرقوق واطهيه لمدة 15 دقيقة إضافية.\n5. قدميه مع خبز أو كسكسي.",
      "prepTime": "15 دقيقة",
      "cookTime": "1 ساعة 15 دقيقة",
      "image": "meat_prunes.jpg"
    },
    {
      "id": 55,
      "name": "لحم بالكريمة والفطر",
      "protein": "لحم",
      "ingredients": [
        "500 غرام لحم بقري مقطع شرائح",
        "1 كوب فطر مقطع",
        "1 كوب كريمة طهي",
        "1 بصلة مفرومة",
        "2 فص ثوم مهروس",
        "2 ملعقة كبيرة زيت نباتي",
        "ملح وفلفل حسب الرغبة"
      ],
      "preparation": "1. اقلي اللحم في الزيت حتى يتحمر، ثم أخرجيه.\n2. في نفس المقلاة، اقلي البصل، الثوم، والفطر حتى يذبل.\n3. أضيفي الكريمة، الملح، والفلفل، واتركي الخليط يغلي لمدة 5 دقائق.\n4. أضيفي اللحم واطهيه لمدة 10 دقائق.\n5. قدميه مع بطاطس مهروسة أو أرز.",
      "prepTime": "15 دقيقة",
      "cookTime": "25 دقيقة",
      "image": "creamy_mushroom_meat.jpg"
    },
    {
      "id": 56,
      "name": "لحم مشوي بالأعشاب",
      "protein": "لحم",
      "ingredients": [
        "1 كغ لحم بقري (ستيك)",
        "2 ملعقة كبيرة زيت زيتون",
        "1 ملعقة صغيرة روزماري",
        "1 ملعقة صغيرة زعتر",
        "2 فص ثوم مهروس",
        "ملح وفلفل حسب الرغبة"
      ],
      "preparation": "1. اخلطي زيت الزيتون، الروزماري، الزعتر، الثوم، الملح، والفلفل.\n2. ادهني اللحم بالتتبيلة واتركيه لمدة ساعة.\n3. اشوي اللحم في الفرن على 200 درجة مئوية لمدة 40 دقيقة.\n4. قدميه مع خضروات مشوية.",
      "prepTime": "1 ساعة",
      "cookTime": "40 دقيقة",
      "image": "herb_grilled_meat.jpg"
    },
    {
      "id": 57,
      "name": "لحم بالبصل والبهارات",
      "protein": "لحم",
      "ingredients": [
        "500 غرام لحم غنم مقطع مكعبات",
        "3 بصلات مقطعة شرائح",
        "1 ملعقة صغيرة بهارات مشكلة",
        "1 ملعقة صغيرة كمون",
        "2 ملعقة كبيرة زيت زيتون",
        "ملح وفلفل حسب الرغبة"
      ],
      "preparation": "1. اقلي البصل في زيت الزيتون حتى يصبح ذهبيًا.\n2. أضيفي اللحم، البهارات، الكمون، الملح، والفلفل، وقلبي لمدة 5 دقائق.\n3. أضيفي كوب ماء واتركي اللحم ينضج على نار هادئة لمدة ساعة.\n4. قدميه مع خبز أو أرز.",
      "prepTime": "15 دقيقة",
      "cookTime": "1 ساعة",
      "image": "onion_spiced_meat.jpg"
    },
    {
      "id": 58,
      "name": "لحم بالزبادي والكاري",
      "protein": "لحم",
      "ingredients": [
        "500 غرام لحم بقري مقطع مكعبات",
        "1/2 كوب زبادي",
        "1 ملعقة صغيرة كاري",
        "1 بصلة مفرومة",
        "2 فص ثوم مهروس",
        "1 ملعقة صغيرة زنجبيل مبشور",
        "2 ملعقة كبيرة زيت نباتي",
        "ملح حسب الرغبة"
      ],
      "preparation": "1. انقعي اللحم بالزبادي والكاري لمدة ساعة.\n2. اقلي البصل، الثوم، والزنجبيل في الزيت.\n3. أضيفي اللحم وقلّبي حتى يتحمر.\n4. أضيفي كوب ماء واتركي اللحم ينضج لمدة ساعة.\n5. قدميه مع أرز بسمتي.",
      "prepTime": "1 ساعة",
      "cookTime": "1 ساعة",
      "image": "yogurt_curry_meat.jpg"
    },
    {
      "id": 59,
      "name": "لحم بالخضروات المشوية",
      "protein": "لحم",
      "ingredients": [
        "500 غرام لحم بقري مقطع مكعبات",
        "2 جزرة مقطعة",
        "2 كوسا مقطعة",
        "1 بصلة مقطعة شرائح",
        "2 ملعقة كبيرة زيت زيتون",
        "1 ملعقة صغيرة زعتر",
        "ملح وفلفل حسب الرغبة"
      ],
      "preparation": "1. تبلي اللحم والخضروات بزيت الزيتون، الزعتر، الملح، والفلفل.\n2. رتبي اللحم والخضروات في صينية.\n3. اشويها في الفرن على 200 درجة مئوية لمدة 45 دقيقة.\n4. قدميها ساخنة.",
      "prepTime": "15 دقيقة",
      "cookTime": "45 دقيقة",
      "image": "meat_vegetables_grilled.jpg"
    },
    {
      "id": 60,
      "name": "سمك بالزبدة والثوم",
      "protein": "سمك",
      "ingredients": [
        "500 غرام فيليه سمك",
        "2 ملعقة كبيرة زبدة",
        "3 فصوص ثوم مهروس",
        "عصير 1 ليمونة",
        "1 ملعقة صغيرة بقدونس مفروم",
        "ملح وفلفل حسب الرغبة"
      ],
      "preparation": "1. تبلي السمك بالملح والفلفل.\n2. سخني الزبدة في مقلاة وأضيفي الثوم وقلبي لمدة دقيقة.\n3. أضيفي السمك واطهيه لمدة 5 دقائق لكل جانب.\n4. أضيفي عصير الليمون والبقدونس وقدميه ساخنًا.",
      "prepTime": "10 دقائق",
      "cookTime": "10 دقائق",
      "image": "butter_garlic_fish.jpg"
    },
    {
      "id": 61,
      "name": "سمك بالبقسماط المقرمش",
      "protein": "سمك",
      "ingredients": [
        "500 غرام فيليه سمك",
        "1 كوب بقسماط",
        "1 بيضة مخفوقة",
        "1 ملعقة صغيرة بابريكا",
        "زيت للقلي",
        "ملح وفلفل حسب الرغبة"
      ],
      "preparation": "1. تبلي السمك بالملح والفلفل.\n2. اغمسي السمك في البيض ثم البقسماط الممزوج بالبابريكا.\n3. اقلي السمك في زيت ساخن حتى يصبح ذهبيًا ومقرمشًا.\n4. قدميه مع صلصة الطرطور.",
      "prepTime": "15 دقيقة",
      "cookTime": "10 دقائق",
      "image": "crispy_breaded_fish.jpg"
    },
    {
      "id": 62,
      "name": "سمك بالطماطم والزيتون",
      "protein": "سمك",
      "ingredients": [
        "1 كغ سمك فيليه",
        "2 حبة طماطم مفرومة",
        "1/2 كوب زيتون أسود",
        "1 بصلة مفرومة",
        "2 فص ثوم مهروس",
        "2 ملعقة كبيرة زيت زيتون",
        "1 ملعقة صغيرة بهارات سمك",
        "ملح وفلفل حسب الرغبة"
      ],
      "preparation": "1. اقلي البصل والثوم في زيت الزيتون.\n2. أضيفي الطماطم، الزيتون، البهارات، الملح، والفلفل، واطهي لمدة 5 دقائق.\n3. ضعي السمك في صينية واسكبي الصوص فوقه.\n4. اخبزيه في الفرن على 200 درجة مئوية لمدة 25 دقيقة.\n5. قدميه مع أرز أبيض.",
      "prepTime": "15 دقيقة",
      "cookTime": "25 دقيقة",
      "image": "fish_tomato_olives.jpg"
    },
    {
      "id": 63,
      "name": "سمك بالصلصة الحارة",
      "protein": "سمك",
      "ingredients": [
        "500 غرام فيليه سمك",
        "2 حبة طماطم مفرومة",
        "2 فلفل أخضر حار مقطع",
        "1 بصلة مفرومة",
        "2 فص ثوم مهروس",
        "2 ملعقة كبيرة زيت زيتون",
        "ملح وفلفل حسب الرغبة"
      ],
      "preparation": "1. اقلي البصل والثوم في زيت الزيتون.\n2. أضيفي الطماطم والفلفل الحار واطهي لمدة 5 دقائق.\n3. أضيفي السمك، الملح، والفلفل، واطهيه لمدة 15 دقيقة.\n4. قدميه مع خبز أو أرز.",
      "prepTime": "10 دقائق",
      "cookTime": "20 دقيقة",
      "image": "spicy_fish_sauce.jpg"
    },
    {
      "id": 64,
      "name": "سمك بالكزبرة والليمون",
      "protein": "سمك",
      "ingredients": [
        "1 كغ سمك فيليه",
        "1/4 كوب كزبرة مفرومة",
        "عصير 2 ليمونة",
        "2 فص ثوم مهروس",
        "2 ملعقة كبيرة زيت زيتون",
        "1 ملعقة صغيرة كمون",
        "ملح وفلفل حسب الرغبة"
      ],
      "preparation": "1. اخلطي الكزبرة، عصير الليمون، الثوم، زيت الزيتون، الكمون، الملح، والفلفل.\n2. تبلي السمك بالخليط واتركيه لمدة 30 دقيقة.\n3. اشوي السمك في الفرن على 200 درجة مئوية لمدة 20 دقيقة.\n4. قدميه مع سلطة خضراء.",
      "prepTime": "30 دقيقة",
      "cookTime": "20 دقيقة",
      "image": "coriander_lemon_fish.jpg"
    },
    {
      "id": 65,
      "name": "شوربة اليقطين",
      "protein": "نباتي",
      "ingredients": [
        "500 غرام يقطين مقطع",
        "1 بصلة مفرومة",
        "2 فص ثوم مهروس",
        "1 ملعقة صغيرة زنجبيل مبشور",
        "2 ملعقة كبيرة زيت زيتون",
        "4 أكواب مرق خضار",
        "ملح وفلفل حسب الرغبة"
      ],
      "preparation": "1. اقلي البصل، الثوم، والزنجبيل في زيت الزيتون.\n2. أضيفي اليقطين والمرق واتركيه ينضج لمدة 20 دقيقة.\n3. اخلطي الشوربة بالخلاط للحصول على قوام ناعم.\n4. قدميها ساخنة مع كريمة نباتية إذا رغبتِ.",
      "prepTime": "15 دقيقة",
      "cookTime": "20 دقيقة",
      "image": "pumpkin_soup.jpg"
    },
    {
      "id": 66,
      "name": "خضروات مشوية بالفرن",
      "protein": "نباتي",
      "ingredients": [
        "2 كوسا مقطعة",
        "2 جزرة مقطعة",
        "2 بطاطس مقطعة",
        "1 بصلة مقطعة شرائح",
        "2 ملعقة كبيرة زيت زيتون",
        "1 ملعقة صغيرة زعتر",
        "1 ملعقة صغيرة بابريكا",
        "ملح وفلفل حسب الرغبة"
      ],
      "preparation": "1. اخلطي الخضروات مع زيت الزيتون، الزعتر، البابريكا، الملح، والفلفل.\n2. رتبي الخضروات في صينية.\n3. اشويها في الفرن على 200 درجة مئوية لمدة 30 دقيقة.\n4. قدميها كطبق جانبي أو رئيسي.",
      "prepTime": "10 دقائق",
      "cookTime": "30 دقيقة",
      "image": "roasted_vegetables.jpg"
    },
    {
      "id": 67,
      "name": "سلطة الكينوا والخضروات",
      "protein": "نباتي",
      "ingredients": [
        "1 كوب كينوا مطبوخة",
        "1 خيارة مقطعة مكعبات",
        "1 حبة طماطم مقطعة مكعبات",
        "1/4 كوب بقدونس مفروم",
        "عصير 1 ليمونة",
        "2 ملعقة كبيرة زيت زيتون",
        "ملح وفلفل حسب الرغبة"
      ],
      "preparation": "1. اخلطي الكينوا مع الخيار، الطماطم، والبقدونس.\n2. أضيفي عصير الليمون، زيت الزيتون، الملح، والفلفل.\n3. قلبي المزيج وقدميه باردًا.",
      "prepTime": "15 دقيقة",
      "cookTime": "0 دقيقة",
      "image": "quinoa_salad.jpg"
    },
    {
      "id": 68,
      "name": "باذنجان محشي بالخضروات",
      "protein": "نباتي",
      "ingredients": [
        "4 حبات باذنجان صغيرة",
        "1 حبة طماطم مقطعة مكعبات",
        "1 كوسا مقطعة مكعبات",
        "1 بصلة مفرومة",
        "2 فص ثوم مهروس",
        "2 ملعقة كبيرة زيت زيتون",
        "1 ملعقة صغيرة بهارات مشكلة",
        "ملح وفلفل حسب الرغبة"
      ],
      "preparation": "1. افرغي الباذنجان من اللب.\n2. اقلي البصل والثوم في زيت الزيتون، ثم أضيفي الطماطم، الكوسا، البهارات، الملح، والفلفل.\n3. احشي الباذنجان بالخليط وضعيه في صينية.\n4. أضيفي كوب ماء واخبزيه على 180 درجة مئوية لمدة 40 دقيقة.\n5. قدميه ساخنًا.",
      "prepTime": "20 دقيقة",
      "cookTime": "40 دقيقة",
      "image": "stuffed_eggplant.jpg"
    },
    {
      "id": 69,
      "name": "شوربة العدس الأحمر",
      "protein": "نباتي",
      "ingredients": [
        "1 كوب عدس أحمر",
        "1 بصلة مفرومة",
        "2 فص ثوم مهروس",
        "1 ملعقة صغيرة كمون",
        "2 ملعقة كبيرة زيت زيتون",
        "4 أكواب مرق خضار",
        "ملح وفلفل حسب الرغبة"
      ],
      "preparation": "1. اقلي البصل والثوم في زيت الزيتون.\n2. أضيفي العدس، الكمون، والمرق، واتركيه ينضج لمدة 20 دقيقة.\n3. اخلطي الشوربة بالخلاط للحصول على قوام ناعم.\n4. قدميها ساخنة مع الليمون.",
      "prepTime": "10 دقائق",
      "cookTime": "20 دقيقة",
      "image": "red_lentil_soup.jpg"
    },
    {
      "id": 70,
      "name": "مكرونة بالطماطم والريحان",
      "protein": "نباتي",
      "ingredients": [
        "500 غرام مكرونة",
        "3 حبات طماطم مفرومة",
        "1/4 كوب أوراق ريحان طازجة",
        "2 فص ثوم مهروس",
        "2 ملعقة كبيرة زيت زيتون",
        "ملح وفلفل حسب الرغبة"
      ],
      "preparation": "1. اسلقي المكرونة وصفيها.\n2. اقلي الثوم في زيت الزيتون، ثم أضيفي الطماطم واطهي لمدة 10 دقائق.\n3. أضيفي الريحان، الملح، والفلفل، وقلبي.\n4. اخلطي المكرونة مع الصوص وقدميها ساخنة.",
      "prepTime": "10 دقائق",
      "cookTime": "15 دقيقة",
      "image": "tomato_basil_pasta.jpg"
    }
  ]
}